dbp4699157,gdb6386
dbp739177,gdb4771
dbp8758887,gdb6650
dbp9681890,gdb2625
dbp739183,gdb4043
dbp739181,gdb2546
dbp4205171,gdb3822
dbp10764860,gdb3448
dbp5039595,gdb20593
dbp15191891,gdb8853
dbp490572,gdb2859
dbp2482184,gdb6773
dbp6967906,gdb3730
dbp1204377,gdb11132
dbp10244031,gdb8479
dbp9474216,gdb19367
dbp12490934,gdb9565
dbp34693053,gdb12795
dbp8380806,gdb12025
dbp4942988,gdb21101
dbp17900910,gdb9083
dbp11907702,gdb1877
dbp1157474,gdb6561
dbp22988883,gdb8895
dbp21853205,gdb12286
dbp10079907,gdb12919
dbp22014933,gdb22911
dbp4508917,gdb235
dbp1892672,gdb4659
dbp4820507,gdb7111
dbp464251,gdb1046
dbp6700353,gdb20690
dbp4709057,gdb11926
dbp18418546,gdb13482
dbp6906985,gdb12807
dbp356429,gdb2638
dbp3867363,gdb20273
dbp16839972,gdb11045
dbp739128,gdb2192
dbp7330701,gdb16782
dbp13116957,gdb17344
dbp1239060,gdb4442
dbp464234,gdb3262
dbp5160400,gdb14368
dbp15417705,gdb4846
dbp3736875,gdb14728
dbp314495,gdb2269
dbp13755719,gdb6509
dbp10052048,gdb18866
dbp13848550,gdb6855
dbp19142192,gdb21922
dbp5231225,gdb7472
dbp10476987,gdb8485
dbp12453221,gdb22406
dbp2963387,gdb5981
dbp2001434,gdb7348
dbp10488952,gdb2223
dbp38214312,gdb4384
dbp9328118,gdb17830
dbp14249968,gdb2394
dbp33945363,gdb21893
dbp2940743,gdb2494
dbp2878182,gdb2800
dbp22351854,gdb5487
dbp13644438,gdb2734
dbp16368150,gdb15141
dbp3470071,gdb5451
dbp2410555,gdb9709
dbp2613169,gdb10352
dbp4869849,gdb7525
dbp7594380,gdb13048
dbp5173675,gdb15486
dbp13152555,gdb1977
dbp4843283,gdb1718
dbp3543454,gdb17060
dbp3376803,gdb11625
dbp2217563,gdb1627
dbp8247932,gdb17117
dbp3109529,gdb15970
dbp3001243,gdb10693
dbp11164988,gdb20842
dbp1312213,gdb3361
dbp224662,gdb23068
dbp2146586,gdb11797
dbp3987153,gdb523
dbp4337024,gdb19408
dbp1745270,gdb1903
dbp5652227,gdb12066
dbp38143006,gdb12512
dbp7437671,gdb6166
dbp3517181,gdb18482
dbp320482,gdb2570
dbp20815048,gdb17665
dbp343114,gdb3666
dbp1952932,gdb4865
dbp1580801,gdb5827
dbp1063974,gdb1426
dbp2362237,gdb14157
dbp9979336,gdb3898
dbp11474170,gdb18759
dbp29248409,gdb12285
dbp1086626,gdb5954
dbp2146543,gdb4520
dbp2048195,gdb11351
dbp1892649,gdb6173
dbp9188944,gdb18621
dbp2362259,gdb9045
dbp5064634,gdb7693
dbp25582874,gdb719
dbp8596963,gdb18597
dbp5799501,gdb21898
dbp22289232,gdb14300
dbp3699360,gdb15778
dbp11246489,gdb12145
dbp14489671,gdb2753
dbp20023391,gdb7709
dbp1398478,gdb6957
dbp3146504,gdb8339
dbp3844770,gdb14985
dbp30874977,gdb81
dbp31919335,gdb6147
dbp9894054,gdb11812
dbp2063880,gdb6772
dbp968075,gdb14731
dbp3868589,gdb12838
dbp15466868,gdb822
dbp13521161,gdb12526
dbp25380552,gdb7516
dbp12944605,gdb12709
dbp15897295,gdb525
dbp8809394,gdb104
dbp4217018,gdb8668
dbp3844589,gdb7211
dbp2999487,gdb2224
dbp4749875,gdb7529
dbp2784525,gdb9650
dbp17600971,gdb16826
dbp30873608,gdb365
dbp7776919,gdb20702
dbp15888626,gdb20656
dbp12126346,gdb5335
dbp5808522,gdb4664
dbp14705903,gdb3083
dbp1446787,gdb3939
dbp6391996,gdb3847
dbp2314516,gdb8135
dbp22699588,gdb2439
dbp740213,gdb6246
dbp575904,gdb5117
dbp18973806,gdb14276
dbp3087445,gdb7672
dbp10763443,gdb7168
dbp1563401,gdb9568
dbp4652348,gdb10230
dbp1769334,gdb11063
dbp22107086,gdb907
dbp12835484,gdb8245
dbp1351932,gdb7327
dbp3652716,gdb16801
dbp2590179,gdb12934
dbp4030458,gdb11009
dbp1494288,gdb245
dbp21227347,gdb17622
dbp21226029,gdb5862
dbp8764937,gdb15798
dbp22829586,gdb15383
dbp23709308,gdb11410
dbp2842089,gdb15482
dbp2964854,gdb3242
dbp4292278,gdb18439
dbp31763138,gdb11844
dbp1566486,gdb1707
dbp33945222,gdb8499
dbp5268509,gdb8203
dbp19156642,gdb11958
dbp5184439,gdb9843
dbp38191143,gdb1670
dbp4759183,gdb6711
dbp6582405,gdb14089
dbp6040384,gdb17102
dbp2146685,gdb11068
dbp2146683,gdb11069
dbp2146690,gdb9314
dbp16658751,gdb3535
dbp224747,gdb9479
dbp22361379,gdb7182
dbp11403794,gdb18289
dbp4424848,gdb5978
dbp13164605,gdb1473
dbp4148875,gdb493
dbp13776276,gdb27
dbp10378310,gdb1945
dbp2962218,gdb2469
dbp1517455,gdb3826
dbp2145318,gdb185
dbp1196933,gdb13997
dbp23075917,gdb9477
dbp1903884,gdb19731
dbp1217823,gdb2279
dbp5302097,gdb737
dbp2613214,gdb16131
dbp1794330,gdb4124
dbp24040808,gdb872
dbp2146669,gdb17405
dbp13560436,gdb11421
dbp658717,gdb14984
dbp178883,gdb13880
dbp4208925,gdb22796
dbp30861525,gdb7077
dbp2419099,gdb4092
dbp7906921,gdb6191
dbp5037149,gdb16792
dbp140284,gdb14025
dbp23397715,gdb8276
dbp2146618,gdb5478
dbp4818382,gdb4444
dbp6436404,gdb2881
dbp1495607,gdb750
dbp1615836,gdb20097
dbp9569024,gdb23324
dbp10027208,gdb3260
dbp20794773,gdb11059
dbp37529,gdb9102
dbp29150714,gdb13107
dbp5795031,gdb11814
dbp491667,gdb20316
dbp501594,gdb8012
dbp31605199,gdb6301
dbp6375148,gdb7584
dbp3628734,gdb15081
dbp27719897,gdb4059
dbp6474968,gdb11221
dbp4807758,gdb3563
dbp37960557,gdb19797
dbp32045710,gdb18798
dbp2194071,gdb18772
dbp4376380,gdb88
dbp1974447,gdb14118
dbp15383639,gdb12152
dbp1168378,gdb870
dbp16588819,gdb4653
dbp5040363,gdb12279
dbp15321385,gdb22139
dbp3312055,gdb1094
dbp2001209,gdb2156
dbp21324574,gdb3909
dbp885505,gdb1296
dbp3229577,gdb20295
dbp1216176,gdb560
dbp15321379,gdb7200
dbp14356272,gdb11281
dbp2242229,gdb6618
dbp1047218,gdb9584
dbp24930989,gdb15930
dbp7087142,gdb3561
dbp2293827,gdb9685
dbp5651216,gdb6464
dbp1733479,gdb3987
dbp3351618,gdb11580
dbp2194009,gdb18771
dbp2278201,gdb20679
dbp1301292,gdb8363
dbp7198910,gdb6208
dbp5956143,gdb158
dbp24040671,gdb2553
dbp8152931,gdb11268
dbp5246948,gdb11333
dbp10873733,gdb13806
dbp4463718,gdb785
dbp23076862,gdb13660
dbp5160209,gdb14637
dbp1301287,gdb1238
dbp3798815,gdb15156
dbp5160144,gdb11663
dbp632022,gdb776
dbp6039227,gdb7494
dbp1350206,gdb9625
dbp885492,gdb22404
dbp23901252,gdb19522
dbp13393786,gdb14394
dbp14477439,gdb93
dbp2130485,gdb17821
dbp18913209,gdb1911
dbp2146395,gdb9313
dbp885483,gdb336
dbp2903539,gdb21544
dbp885480,gdb327
dbp36732572,gdb14425
dbp24556978,gdb7783
dbp9079689,gdb20800
dbp1278478,gdb9208
dbp1376847,gdb11620
dbp906190,gdb1678
dbp18096604,gdb14081
dbp11788800,gdb23548
dbp4339411,gdb60
dbp405674,gdb1070
dbp1563133,gdb9507
dbp1048583,gdb13647
dbp1925514,gdb18461
dbp23410265,gdb21045
dbp11149143,gdb5500
dbp19466351,gdb2655
dbp4302172,gdb9127
dbp17753232,gdb11026
dbp5640487,gdb13967
dbp1581952,gdb7429
dbp4999174,gdb18835
dbp943164,gdb6126
dbp11749248,gdb6455
dbp3088632,gdb17648
dbp2531867,gdb6708
dbp21133958,gdb4910
dbp4818465,gdb3830
dbp187267,gdb18968
dbp8713416,gdb11244
dbp4064898,gdb13724
dbp635947,gdb6996
dbp1073552,gdb6837
dbp12187248,gdb4283
dbp6436744,gdb12541
dbp4916868,gdb3120
dbp1924258,gdb10752
dbp188577,gdb13585
dbp21432434,gdb12977
dbp4049217,gdb8634
dbp22649149,gdb13940
dbp13331512,gdb7934
dbp11584336,gdb3150
dbp4049235,gdb20924
dbp19684249,gdb17451
dbp1912296,gdb21672
dbp18455886,gdb16762
dbp9388094,gdb7808
dbp1194591,gdb13985
dbp2590300,gdb12421
dbp2757151,gdb7214
dbp23496466,gdb7286
dbp308623,gdb1621
dbp26100613,gdb9945
dbp3783094,gdb3951
dbp12499620,gdb10863
dbp3652578,gdb4794
dbp7063216,gdb19675
dbp2013342,gdb1075
dbp2110507,gdb1105
dbp6894359,gdb9762
dbp5147303,gdb5645
dbp2817344,gdb14347
dbp2580958,gdb3504
dbp1204292,gdb6245
dbp6894360,gdb7458
dbp5051134,gdb18974
dbp4844804,gdb5856
dbp1049775,gdb8213
dbp2194161,gdb23482
dbp39698674,gdb20759
dbp2590398,gdb9863
dbp10764552,gdb14920
dbp4666731,gdb414
dbp2194141,gdb9692
dbp12511613,gdb901
dbp141869,gdb171
dbp165824,gdb175
dbp22529216,gdb16004
dbp13919712,gdb2000
dbp3004964,gdb3917
dbp6064065,gdb7680
dbp36735,gdb8704
dbp21591744,gdb21276
dbp9653952,gdb17397
dbp2314345,gdb1682
dbp10859342,gdb20244
dbp26625581,gdb14855
dbp23087659,gdb14360
dbp29296835,gdb12589
dbp8124104,gdb10786
dbp23828092,gdb3139
dbp26293450,gdb22428
dbp8126770,gdb13695
dbp296154,gdb3667
dbp1300073,gdb14901
dbp4977998,gdb4594
dbp1047196,gdb3102
dbp20852177,gdb16591
dbp5749934,gdb11174
dbp2506929,gdb1826
dbp2146496,gdb4491
dbp1047184,gdb1446
dbp17753326,gdb14680
dbp23461725,gdb12097
dbp19214744,gdb17629
dbp13379355,gdb7579
dbp10175964,gdb20288
dbp2146445,gdb1010
dbp5747317,gdb14879
dbp1880926,gdb4103
dbp11740906,gdb1960
dbp25786589,gdb15286
dbp12298827,gdb18260
dbp17224120,gdb9237
dbp1049788,gdb1887
dbp25313098,gdb8091
dbp430709,gdb13080
dbp12714240,gdb2086
dbp20122958,gdb2505
dbp8463391,gdb15904
dbp1601038,gdb9046
dbp1336098,gdb3732
dbp2146410,gdb11560
dbp3689883,gdb8735
dbp2146414,gdb12161
dbp5089811,gdb14551
dbp7198878,gdb23534
dbp2625433,gdb15117
dbp4409030,gdb9629
dbp8257266,gdb14240
dbp6028417,gdb16865
dbp635841,gdb14393
dbp1518597,gdb507
dbp3053877,gdb5556
dbp23230285,gdb12701
dbp4435336,gdb9967
dbp307333,gdb19587
dbp307335,gdb19588
dbp14078057,gdb17874
dbp24892153,gdb19557
dbp26016902,gdb5942
dbp3133554,gdb9917
dbp237478,gdb19710
dbp6244835,gdb20515
dbp5074387,gdb7550
dbp2952297,gdb6679
dbp5097028,gdb6797
dbp5736069,gdb12435
dbp25474650,gdb5993
dbp3964921,gdb8559
dbp22689854,gdb14927
dbp32294628,gdb9569
dbp5507039,gdb21999
dbp847429,gdb1546
dbp6709119,gdb17962
dbp2061564,gdb8786
dbp9459056,gdb6432
dbp26350269,gdb5136
dbp16058407,gdb4612
dbp3636139,gdb7871
dbp4209990,gdb5530
dbp6199741,gdb1068
dbp12899801,gdb11409
dbp1771997,gdb2220
dbp22793312,gdb19593
dbp18733617,gdb15637
dbp23531280,gdb3433
dbp921904,gdb3207
dbp540952,gdb16732
dbp23048594,gdb7535
dbp3064467,gdb7427
dbp455799,gdb8974
dbp1194078,gdb10841
dbp11283085,gdb9333
dbp1829841,gdb20531
dbp3733357,gdb21684
dbp11931850,gdb10307
dbp19623896,gdb22521
dbp2336495,gdb6481
dbp2348476,gdb31
dbp834197,gdb6041
dbp21251331,gdb9136
dbp4123170,gdb20940
dbp12089920,gdb22436
dbp1313021,gdb1037
dbp18950676,gdb11426
dbp6092834,gdb20418
dbp36469866,gdb9577
dbp30860467,gdb22925
dbp2843056,gdb7276
dbp36745625,gdb10029
dbp19683560,gdb7676
dbp11664080,gdb9502
dbp2180059,gdb14218
dbp1301119,gdb10070
dbp3602849,gdb22092
dbp15283170,gdb12532
dbp23869666,gdb19024
dbp34139535,gdb6913
dbp23508907,gdb22730
dbp14967386,gdb9525
dbp23916503,gdb22752
dbp2180039,gdb14257
dbp12790259,gdb7844
dbp15321981,gdb5925
dbp599658,gdb9260
dbp11415415,gdb654
dbp11250920,gdb14009
dbp8694938,gdb14848
dbp585004,gdb10168
dbp16537925,gdb9399
dbp18588211,gdb5247
dbp213505,gdb4655
dbp2239345,gdb7830
dbp17194529,gdb9535
dbp2688410,gdb22698
dbp2928682,gdb10114
dbp167812,gdb11344
dbp167813,gdb774
dbp3385301,gdb22996
dbp1865407,gdb4474
dbp25595772,gdb6129
dbp27952391,gdb3318
dbp2409198,gdb18891
dbp2917902,gdb13026
dbp563681,gdb1783
dbp2372049,gdb1332
dbp1110338,gdb127
dbp38335983,gdb2981
dbp24361200,gdb22515
dbp1364696,gdb6073
dbp1364681,gdb6983
dbp3745222,gdb18782
dbp1663197,gdb6235
dbp1207920,gdb2212
dbp2545814,gdb6878
dbp16489624,gdb14924
dbp17444540,gdb11258
dbp22725967,gdb17177
dbp2145644,gdb12916
dbp21469942,gdb15680
dbp20591392,gdb17947
dbp2916621,gdb6187
dbp794013,gdb5727
dbp1049273,gdb2929
dbp1422170,gdb1942
dbp2146990,gdb11912
dbp19767689,gdb5615
dbp3132342,gdb15009
dbp2146994,gdb9634
dbp18803145,gdb1900
dbp1183212,gdb275
dbp12847059,gdb3573
dbp1159581,gdb6522
dbp1159582,gdb9555
dbp1159576,gdb17476
dbp1640471,gdb14785
dbp4159055,gdb7727
dbp1653788,gdb18783
dbp1472611,gdb246
dbp3192010,gdb1950
dbp27163643,gdb23209
dbp15479709,gdb726
dbp1794722,gdb7804
dbp6150321,gdb5773
dbp1159595,gdb14333
dbp2374644,gdb6288
dbp3964856,gdb9259
dbp9953310,gdb8229
dbp2034034,gdb7321
dbp4245563,gdb2575
dbp4667849,gdb7582
dbp20263386,gdb16901
dbp1232986,gdb1618
dbp2939361,gdb5378
dbp5120083,gdb10610
dbp25412420,gdb7199
dbp442549,gdb2088
dbp24052355,gdb15690
dbp1839324,gdb14881
dbp1241000,gdb3650
dbp35228872,gdb3964
dbp1816632,gdb11447
dbp5955537,gdb12205
dbp25377334,gdb13436
dbp7976310,gdb7562
dbp442510,gdb5493
dbp6231686,gdb8558
dbp8233918,gdb3460
dbp7080815,gdb12772
dbp16271137,gdb11434
dbp442508,gdb8799
dbp430549,gdb2497
dbp6065111,gdb21490
dbp10473598,gdb20435
dbp10322,gdb6653
dbp95217,gdb10701
dbp19682369,gdb5646
dbp29667489,gdb6712
dbp10111390,gdb861
dbp8484017,gdb3245
dbp7893589,gdb4044
dbp6067827,gdb12561
dbp8983920,gdb19592
dbp2149333,gdb14140
dbp4354969,gdb8475
dbp2725809,gdb13615
dbp18781202,gdb16951
dbp25281174,gdb20522
dbp14182154,gdb4316
dbp575566,gdb10951
dbp5459591,gdb7776
dbp393009,gdb1635
dbp24003456,gdb2114
dbp12126810,gdb590
dbp17674741,gdb20248
dbp3144438,gdb14787
dbp2507620,gdb10213
dbp3804187,gdb15688
dbp5012290,gdb4338
dbp4066938,gdb1677
dbp24385318,gdb939
dbp319145,gdb9054
dbp23713872,gdb12549
dbp11847908,gdb9128
dbp36721702,gdb4529
dbp345400,gdb18562
dbp1508961,gdb9767
dbp3624315,gdb8628
dbp2690649,gdb21251
dbp3444315,gdb12305
dbp20104099,gdb6645
dbp3078907,gdb7946
dbp18369371,gdb13775
dbp16138367,gdb6482
dbp24672005,gdb15753
dbp1472525,gdb11959
dbp4041632,gdb19552
dbp4843795,gdb9761
dbp21802080,gdb9393
dbp2505163,gdb6319
dbp6216122,gdb1170
dbp35000778,gdb20219
dbp9138038,gdb4489
dbp80917,gdb179
dbp2110825,gdb577
dbp5629700,gdb21317
dbp7079928,gdb3913
dbp2977349,gdb8387
dbp885919,gdb7206
dbp23555420,gdb364
dbp9850693,gdb21903
dbp5522895,gdb14008
dbp23964097,gdb22892
dbp4855831,gdb9811
dbp23063959,gdb19471
dbp2035000,gdb4776
dbp2472583,gdb17676
dbp5075444,gdb19714
dbp4366599,gdb10654
dbp2735475,gdb9968
dbp11466765,gdb3794
dbp22447397,gdb899
dbp4197606,gdb8058
dbp2954629,gdb6706
dbp33980404,gdb20296
dbp1594795,gdb14585
dbp15247387,gdb19491
dbp418594,gdb6249
dbp1838125,gdb6859
dbp22819347,gdb15387
dbp5930588,gdb22140
dbp4186917,gdb11869
dbp5205164,gdb19500
dbp3251075,gdb23276
dbp7039064,gdb10208
dbp6555696,gdb7213
dbp15684835,gdb18389
dbp17612463,gdb16003
dbp6895970,gdb12036
dbp32426738,gdb3071
dbp3735744,gdb4292
dbp11954746,gdb14652
dbp2336227,gdb5939
dbp17637756,gdb4357
dbp3771333,gdb6447
dbp153432,gdb167
dbp574166,gdb6970
dbp1050479,gdb5998
dbp2411667,gdb18680
dbp357017,gdb5383
dbp15318145,gdb14344
dbp1569860,gdb9500
dbp5281829,gdb1256
dbp9211169,gdb15866
dbp1353717,gdb6702
dbp11139384,gdb20980
dbp4111455,gdb11605
dbp10920716,gdb19098
dbp5678626,gdb22241
dbp2157455,gdb9206
dbp6504079,gdb21842
dbp22107031,gdb12704
dbp5678618,gdb6962
dbp16683807,gdb1244
dbp2253437,gdb6049
dbp153414,gdb1525
dbp5461796,gdb22844
dbp2953400,gdb11759
dbp4903932,gdb6141
dbp1642928,gdb11710
dbp980517,gdb1421
dbp94051,gdb1400
dbp981849,gdb10002
dbp3214070,gdb22814
dbp22641614,gdb18191
dbp10653382,gdb14479
dbp24186640,gdb9792
dbp5076826,gdb18047
dbp12333999,gdb4057
dbp2146774,gdb5390
dbp24159011,gdb10226
dbp4279132,gdb1543
dbp4279133,gdb1542
dbp4208818,gdb7331
dbp4279129,gdb9627
dbp24708133,gdb12391
dbp12235779,gdb8206
dbp25474440,gdb17907
dbp811640,gdb8821
dbp4341340,gdb20791
dbp166791,gdb6421
dbp2146729,gdb15548
dbp4912026,gdb1852
dbp549163,gdb17672
dbp29571703,gdb2098
dbp8413646,gdb17791
dbp25572811,gdb22575
dbp20108998,gdb23419
dbp6362255,gdb7546
dbp3866321,gdb18722
dbp252922,gdb9529
dbp1448540,gdb5919
dbp3868965,gdb5205
dbp23000489,gdb8967
dbp22461726,gdb21115
dbp252988,gdb10137
dbp5401400,gdb5360
dbp4818955,gdb1838
dbp489000,gdb7228
dbp23746049,gdb7096
dbp17601604,gdb14657
dbp20470587,gdb16757
dbp18685741,gdb11199
dbp6690962,gdb12076
dbp7306733,gdb6656
dbp4689020,gdb11203
dbp5798402,gdb19337
dbp1159780,gdb7492
dbp2555571,gdb22314
dbp35758177,gdb20378
dbp1640271,gdb14740
dbp17530769,gdb16919
dbp5518014,gdb13027
dbp19369663,gdb3975
dbp38340954,gdb19837
dbp22804895,gdb15143
dbp1717037,gdb16257
dbp6205567,gdb6669
dbp16972869,gdb7534
dbp2991707,gdb2338
dbp872798,gdb8071
dbp4632983,gdb4693
dbp3187538,gdb22910
dbp6300118,gdb13563
dbp7975219,gdb17842
dbp920743,gdb19332
dbp20023621,gdb9012
dbp3251155,gdb8497
dbp1302281,gdb7358
dbp12465881,gdb15293
dbp38706720,gdb3001
dbp4902816,gdb2580
dbp7464628,gdb2913
dbp41194299,gdb18943
dbp2711305,gdb502
dbp16682559,gdb111
dbp1583955,gdb1774
dbp920767,gdb3658
dbp12911902,gdb10362
dbp5098259,gdb15404
dbp1341928,gdb3325
dbp2277217,gdb463
dbp33937892,gdb8188
dbp2277216,gdb1787
dbp4545242,gdb462
dbp69179,gdb19553
dbp1531116,gdb7450
dbp6020953,gdb18694
dbp360793,gdb15100
dbp1937821,gdb18745
dbp5471006,gdb5911
dbp8231054,gdb23379
dbp2458411,gdb10361
dbp16048692,gdb5624
dbp25065898,gdb14516
dbp11200542,gdb6059
dbp11200543,gdb7252
dbp8764758,gdb5613
dbp10920831,gdb6739
dbp21804414,gdb17843
dbp18553968,gdb6545
dbp18141355,gdb15298
dbp34487,gdb3991
dbp1051629,gdb23069
dbp1315608,gdb19713
dbp8231014,gdb21139
dbp153399,gdb8612
dbp4912185,gdb1889
dbp6798918,gdb6854
dbp1707772,gdb3900
dbp8653011,gdb2083
dbp588619,gdb3333
dbp2917810,gdb4596
dbp4912140,gdb1880
dbp18384743,gdb13431
dbp6518539,gdb21919
dbp18696364,gdb12906
dbp6699239,gdb4261
dbp2903227,gdb6328
dbp6205619,gdb9719
dbp27747865,gdb4098
dbp2184080,gdb10217
dbp33944958,gdb2139
dbp7138195,gdb20782
dbp923288,gdb804
dbp27470350,gdb4066
dbp2004560,gdb5073
dbp10166889,gdb20349
dbp581020,gdb2519
dbp2295843,gdb6448
dbp7175152,gdb13925
dbp27457377,gdb21118
dbp3799549,gdb13069
dbp706209,gdb3282
dbp6217672,gdb22061
dbp5445505,gdb14751
dbp7236601,gdb5035
dbp1303295,gdb4379
dbp1997775,gdb8002
dbp14480343,gdb7742
dbp9051432,gdb7142
dbp2990105,gdb23370
dbp2487828,gdb14155
dbp11219773,gdb9162
dbp22150812,gdb13046
dbp25992413,gdb9397
dbp3474371,gdb6732
dbp1328565,gdb14421
dbp24169952,gdb8099
dbp35896442,gdb20951
dbp6866397,gdb9896
dbp2208574,gdb16156
dbp5311060,gdb11928
dbp5675875,gdb16719
dbp3022207,gdb59
dbp29191936,gdb10309
dbp22996413,gdb15419
dbp210873,gdb2559
dbp10286698,gdb8542
dbp984290,gdb8614
dbp7005088,gdb8437
dbp3233403,gdb7890
dbp7068605,gdb5418
dbp4917140,gdb4376
dbp6676917,gdb1516
dbp24808141,gdb8208
dbp1563159,gdb1453
dbp2366669,gdb3080
dbp1863248,gdb15784
dbp4483900,gdb7812
dbp3680792,gdb11099
dbp23150608,gdb20156
dbp1268445,gdb19062
dbp23871551,gdb11087
dbp4660100,gdb2320
dbp23149600,gdb15366
dbp28586827,gdb22530
dbp10345540,gdb6454
dbp3186540,gdb1714
dbp2342631,gdb1416
dbp1268487,gdb11145
dbp3047463,gdb20660
dbp13700316,gdb10100
dbp24378483,gdb6767
dbp355907,gdb6771
dbp6205758,gdb19458
dbp4170803,gdb1001
dbp11353966,gdb14552
dbp11610617,gdb14665
dbp355914,gdb14573
dbp876353,gdb9442
dbp8633507,gdb12455
dbp1973847,gdb11101
dbp30864749,gdb16041
dbp2355952,gdb8082
dbp8587859,gdb7633
dbp34944881,gdb18703
dbp2462626,gdb13824
dbp1887268,gdb16129
dbp5964911,gdb17421
dbp9454572,gdb15579
dbp19478967,gdb6730
dbp3413479,gdb356
dbp19014712,gdb556
dbp679791,gdb3577
dbp3342449,gdb13311
dbp18463246,gdb7701
dbp1521610,gdb22668
dbp14385771,gdb15779
dbp3811893,gdb17460
dbp4155209,gdb14212
dbp11495977,gdb3062
dbp2990211,gdb6543
dbp10368178,gdb8476
dbp13328434,gdb12650
dbp22815745,gdb10176
dbp2271730,gdb19039
dbp1983042,gdb15036
dbp1932355,gdb22934
dbp3596751,gdb20208
dbp4276268,gdb4058
dbp3787693,gdb9109
dbp3303027,gdb7483
dbp2160191,gdb7480
dbp5072270,gdb11436
dbp11313061,gdb13378
dbp1803798,gdb16716
dbp16288423,gdb22193
dbp31865847,gdb5622
dbp11376465,gdb4839
dbp1387059,gdb1919
dbp1327381,gdb21437
dbp3799631,gdb18611
dbp315119,gdb19734
dbp7006460,gdb23041
dbp3048744,gdb5667
dbp7511349,gdb15828
dbp29237888,gdb18964
dbp24340086,gdb15055
dbp2929557,gdb10594
dbp23414787,gdb14835
dbp1813146,gdb354
dbp24194826,gdb13625
dbp7753441,gdb2596
dbp31251716,gdb18993
dbp19403259,gdb4093
dbp3010144,gdb9812
dbp1507195,gdb9782
dbp19981037,gdb6295
dbp149593,gdb42
dbp5001937,gdb7118
dbp29152174,gdb20692
dbp25120453,gdb1893
dbp5300220,gdb878
dbp219325,gdb14384
dbp219318,gdb10618
dbp2208468,gdb3693
dbp246953,gdb13497
dbp6312361,gdb20789
dbp2472055,gdb4450
dbp1900748,gdb15577
dbp5277400,gdb3723
dbp25058194,gdb8802
dbp7368330,gdb3200
dbp29139182,gdb4002
dbp32888601,gdb2118
dbp2413731,gdb13240
dbp24667588,gdb9007
dbp18655200,gdb9163
dbp3463652,gdb10302
dbp22923539,gdb10608
dbp5720051,gdb8116
dbp9050090,gdb5573
dbp27044718,gdb7136
dbp27577162,gdb9701
dbp34857067,gdb13322
dbp3172085,gdb3290
dbp3209882,gdb17057
dbp2617646,gdb17779
dbp4204508,gdb3229
dbp6640826,gdb13799
dbp1460180,gdb7526
dbp81065,gdb4264
dbp1065654,gdb351
dbp9500154,gdb11527
dbp3896689,gdb7765
dbp535949,gdb12016
dbp1014007,gdb1523
dbp22725457,gdb11996
dbp4636314,gdb13947
dbp15815435,gdb13989
dbp2123141,gdb2115
dbp3159073,gdb4273
dbp15719279,gdb10001
dbp2318891,gdb6521
dbp17028381,gdb2995
dbp2342507,gdb10697
dbp24642233,gdb3021
dbp11449994,gdb14022
dbp18091223,gdb10393
dbp2270483,gdb1630
dbp630354,gdb1801
dbp3736048,gdb9249
dbp1341689,gdb11931
dbp2835709,gdb467
dbp35968713,gdb9286
dbp20177414,gdb4729
dbp7308592,gdb10103
dbp17216673,gdb22621
dbp2474729,gdb4949
dbp21527716,gdb12062
dbp14106327,gdb12600
dbp1756910,gdb7029
dbp5311290,gdb22978
dbp29752115,gdb22903
dbp2294417,gdb5844
dbp2534816,gdb5020
dbp5939816,gdb7448
dbp1462714,gdb4185
dbp41275538,gdb5303
dbp1207618,gdb5923
dbp21923549,gdb16331
dbp2424463,gdb4052
dbp18164620,gdb21157
dbp14539401,gdb12213
dbp17546122,gdb19270
dbp19863980,gdb7434
dbp23711061,gdb13450
dbp7442769,gdb23583
dbp12746003,gdb4328
dbp26120110,gdb13902
dbp10946845,gdb7780
dbp25106436,gdb13300
dbp1425533,gdb19273
dbp6938373,gdb19928
dbp3569458,gdb5961
dbp8492898,gdb10736
dbp28226416,gdb3046
dbp13377746,gdb17044
dbp14870454,gdb280
dbp6068551,gdb2994
dbp4107784,gdb23360
dbp2966243,gdb14208
dbp5337479,gdb13538
dbp1581045,gdb1357
dbp17670706,gdb8599
dbp630338,gdb14884
dbp19076840,gdb23382
dbp486258,gdb17750
dbp10369797,gdb23491
dbp22123430,gdb11425
dbp34320862,gdb20359
dbp4336342,gdb13938
dbp1041909,gdb14045
dbp9815774,gdb18767
dbp19695722,gdb12001
dbp4758627,gdb11565
dbp25905316,gdb1397
dbp3207293,gdb6436
dbp17014402,gdb13587
dbp36049438,gdb15423
dbp8416237,gdb6802
dbp10840850,gdb21994
dbp3703704,gdb18305
dbp2090330,gdb6775
dbp5686748,gdb20594
dbp10054001,gdb7696
dbp3000670,gdb1576
dbp18321790,gdb7171
dbp1545385,gdb17845
dbp11838865,gdb19958
dbp5457272,gdb6001
dbp6151085,gdb11230
dbp1934406,gdb6034
dbp17720319,gdb19399
dbp1899450,gdb12758
dbp30865892,gdb13028
dbp8656492,gdb19385
dbp18946810,gdb15626
dbp19703006,gdb2508
dbp1088639,gdb385
dbp3703610,gdb21649
dbp948810,gdb13943
dbp12314381,gdb21315
dbp161487,gdb2239
dbp5313512,gdb5869
dbp511845,gdb2312
dbp3447026,gdb8350
dbp25884811,gdb12818
dbp5313500,gdb7359
dbp5536386,gdb15340
dbp25264537,gdb12893
dbp26086909,gdb5838
dbp2391429,gdb1003
dbp10176505,gdb21281
dbp21395883,gdb748
dbp18138079,gdb7677
dbp294312,gdb2189
dbp23595982,gdb18056
dbp16482817,gdb22189
dbp5949544,gdb13329
dbp5840120,gdb14786
dbp2355724,gdb9340
dbp1110158,gdb20421
dbp5926882,gdb2120
dbp5937539,gdb20730
dbp3740635,gdb14750
dbp15902874,gdb6299
dbp2055952,gdb10493
dbp692503,gdb125
dbp3740624,gdb14749
dbp5228649,gdb21123
dbp3111208,gdb8004
dbp18860348,gdb18122
dbp18860345,gdb15169
dbp1049037,gdb20844
dbp3342688,gdb7439
dbp27408542,gdb14689
dbp17380293,gdb11343
dbp3510714,gdb2534
dbp20116156,gdb2564
dbp24497353,gdb18791
dbp2294325,gdb12827
dbp36576004,gdb16889
dbp5650892,gdb19217
dbp21394399,gdb8586
dbp2382291,gdb1306
dbp17817893,gdb5846
dbp100464,gdb1727
dbp24402806,gdb15412
dbp4269341,gdb4056
dbp1864926,gdb9814
dbp5697522,gdb15223
dbp305596,gdb9042
dbp1110048,gdb697
dbp1424312,gdb15965
dbp6079157,gdb17692
dbp20358425,gdb17570
dbp4073991,gdb14707
dbp58990,gdb22496
dbp18298754,gdb22724
dbp18597967,gdb123
dbp1655773,gdb2399
dbp756812,gdb1242
dbp10851465,gdb14817
dbp70653,gdb9549
dbp26119200,gdb13704
dbp5976926,gdb17792
dbp23928245,gdb2982
dbp34016396,gdb21762
dbp15131006,gdb10004
dbp3823457,gdb9653
dbp19403491,gdb8903
dbp17356662,gdb17399
dbp5168274,gdb6698
dbp2318758,gdb16255
dbp2942317,gdb7963
dbp7890243,gdb21920
dbp7890242,gdb9423
dbp23507414,gdb3051
dbp2942310,gdb14147
dbp7890238,gdb11686
dbp27939762,gdb17449
dbp2555189,gdb9707
dbp14265864,gdb3025
dbp7067676,gdb12433
dbp16602895,gdb4563
dbp742259,gdb3334
dbp2929354,gdb8102
dbp1171033,gdb4852
dbp9137891,gdb1915
dbp7291801,gdb8670
dbp27613503,gdb2263
dbp6878272,gdb15220
dbp7890270,gdb14756
dbp9382711,gdb7563
dbp4649451,gdb12897
dbp19703155,gdb13259
dbp1973906,gdb1111
dbp24450575,gdb23430
dbp33327117,gdb9250
dbp7573319,gdb3096
dbp6669354,gdb10288
dbp1559962,gdb14882
dbp1137904,gdb6903
dbp1584906,gdb405
dbp24232413,gdb14054
dbp3245694,gdb23460
dbp2820098,gdb22544
dbp4845356,gdb22059
dbp1936981,gdb10348
dbp440994,gdb2290
dbp5278587,gdb14801
dbp4107691,gdb7294
dbp24304560,gdb20342
dbp24861894,gdb14238
dbp1342760,gdb6029
dbp5843971,gdb531
dbp1137963,gdb8055
dbp17622966,gdb8069
dbp1487820,gdb11144
dbp6987262,gdb11253
dbp20885022,gdb6852
dbp22836033,gdb3873
dbp3101963,gdb14033
dbp30865720,gdb7386
dbp5230600,gdb2518
dbp22849327,gdb14515
dbp1339146,gdb7991
dbp10248599,gdb22117
dbp8225692,gdb13969
dbp23219079,gdb17531
dbp706602,gdb2757
dbp1690022,gdb16400
dbp668765,gdb5785
dbp2368926,gdb1165
dbp25804003,gdb13796
dbp414617,gdb16741
dbp668752,gdb5784
dbp4228758,gdb3849
dbp2114841,gdb14618
dbp19910571,gdb6677
dbp1412244,gdb2254
dbp6299091,gdb1209
dbp12015310,gdb9192
dbp6204766,gdb9696
dbp6216732,gdb22049
dbp6214184,gdb1141
dbp6756339,gdb14503
dbp6492136,gdb11330
dbp11825742,gdb4101
dbp24171880,gdb6783
dbp24628569,gdb3432
dbp4758473,gdb18375
dbp31430753,gdb20105
dbp4470291,gdb3865
dbp5406386,gdb3952
dbp1569190,gdb1429
dbp2254018,gdb1545
dbp2039642,gdb4956
dbp16528939,gdb13811
dbp6578939,gdb1990
dbp11740250,gdb1985
dbp1400006,gdb10858
dbp2270972,gdb5983
dbp7104386,gdb11809
dbp2895144,gdb7318
dbp24436509,gdb7634
dbp3654889,gdb1752
dbp21453550,gdb4325
dbp9029998,gdb3850
dbp2196481,gdb2070
dbp2452764,gdb4795
dbp970049,gdb7973
dbp9160125,gdb22078
dbp4965254,gdb3989
dbp4230530,gdb9001
dbp39481890,gdb19527
dbp10137054,gdb21053
dbp41301836,gdb492
dbp7890341,gdb11879
dbp22400063,gdb15457
dbp2871137,gdb17937
dbp4663592,gdb7227
dbp825210,gdb2675
dbp6517920,gdb21865
dbp18684953,gdb5119
dbp11679041,gdb20969
dbp2098010,gdb14028
dbp2455364,gdb3075
dbp1474294,gdb1308
dbp8510132,gdb6366
dbp1222636,gdb9837
dbp1187764,gdb10195
dbp766362,gdb19089
dbp17974780,gdb6796
dbp29558174,gdb23405
dbp10055555,gdb7744
dbp2619764,gdb4367
dbp7261194,gdb20790
dbp10788462,gdb15212
dbp4709457,gdb1486
dbp5420632,gdb20701
dbp8102460,gdb8199
dbp10200845,gdb7590
dbp6817827,gdb4035
dbp1705641,gdb14591
dbp21115443,gdb13948
dbp17718225,gdb1957
dbp3011064,gdb9774
dbp2173736,gdb6926
dbp25435963,gdb2888
dbp654030,gdb17825
dbp2185741,gdb11703
dbp18876989,gdb3492
dbp453983,gdb14142
dbp911757,gdb366
dbp5058369,gdb8036
dbp5650082,gdb12052
dbp2919723,gdb6065
dbp2846118,gdb8914
dbp6007454,gdb3059
dbp16864582,gdb17180
dbp26579601,gdb9447
dbp1198322,gdb328
dbp23087358,gdb13034
dbp6780043,gdb7007
dbp32140972,gdb18838
dbp4061134,gdb12122
dbp11438979,gdb19336
dbp1426561,gdb18379
dbp6502094,gdb6660
dbp1742661,gdb8988
dbp9597655,gdb2184
dbp5819759,gdb9053
dbp31804657,gdb13996
dbp26323596,gdb4627
dbp29633184,gdb20302
dbp10984512,gdb11784
dbp19476761,gdb20214
dbp10960549,gdb4518
dbp27803265,gdb2516
dbp3459213,gdb9927
dbp1729657,gdb9904
dbp6600435,gdb13980
dbp866781,gdb9108
dbp11028525,gdb10925
dbp3750697,gdb20044
dbp1043974,gdb9446
dbp21776066,gdb2215
dbp2726365,gdb11624
dbp27057763,gdb18340
dbp6094515,gdb10011
dbp6816602,gdb12219
dbp1970197,gdb6374
dbp16729158,gdb9323
dbp2535705,gdb6028
dbp2476600,gdb1248
dbp1656816,gdb17034
dbp5226408,gdb1708
dbp7370284,gdb10121
dbp2739523,gdb21011
dbp6842909,gdb388
dbp534116,gdb803
dbp1790379,gdb9775
dbp584423,gdb1097
dbp4001686,gdb10250
dbp21970352,gdb10903
dbp2955485,gdb12547
dbp28214750,gdb4133
dbp1584652,gdb12388
dbp23485562,gdb16788
dbp21897158,gdb16669
dbp3110199,gdb8279
dbp2052710,gdb5093
dbp13664649,gdb6803
dbp3122149,gdb21010
dbp6468394,gdb2210
dbp3594557,gdb20174
dbp11111228,gdb38
dbp21016320,gdb9988
dbp1569045,gdb10627
dbp1861237,gdb9914
dbp3012311,gdb10239
dbp13458092,gdb19392
dbp102493,gdb5569
dbp1148045,gdb17654
dbp7384816,gdb1948
dbp17008715,gdb11208
dbp1233412,gdb1025
dbp4528084,gdb1793
dbp1909510,gdb6003
dbp5565020,gdb21905
dbp2268510,gdb3945
dbp8684736,gdb3241
dbp6756414,gdb11460
dbp2930109,gdb1118
dbp2328753,gdb11096
dbp10067647,gdb2626
dbp19763336,gdb11250
dbp5058450,gdb5977
dbp3063860,gdb5405
dbp2644702,gdb4880
dbp5722238,gdb3304
dbp4640881,gdb7271
dbp18148179,gdb15793
dbp5987445,gdb19559
dbp10608845,gdb12278
dbp5300763,gdb5559
dbp452740,gdb1544
dbp27612329,gdb17583
dbp1220173,gdb10600
dbp7261127,gdb17038
dbp19763378,gdb6519
dbp10536797,gdb12142
dbp10536796,gdb13505
dbp6116391,gdb21911
dbp9438191,gdb13230
dbp22726304,gdb13533
dbp11875997,gdb22726
dbp875529,gdb5997
dbp2339335,gdb219
dbp2848636,gdb20177
dbp20768507,gdb17990
dbp6143979,gdb2490
dbp2366949,gdb5788
dbp17081459,gdb11411
dbp19440679,gdb15960
dbp6468425,gdb10291
dbp10004038,gdb2562
dbp21188542,gdb4963
dbp5082189,gdb1131
dbp17781677,gdb7721
dbp7070570,gdb7741
dbp4917629,gdb4543
dbp37266756,gdb13179
dbp9198644,gdb7638
dbp3750795,gdb14281
dbp26011444,gdb21005
dbp4444063,gdb13269
dbp6395041,gdb14084
dbp5167549,gdb9938
dbp15506991,gdb13262
dbp5819675,gdb4155
dbp17754073,gdb6889
dbp4989279,gdb6239
dbp11969411,gdb3123
dbp8610564,gdb1520
dbp7167950,gdb15487
dbp12291107,gdb12380
dbp10584448,gdb9112
dbp18307957,gdb1289
dbp957009,gdb13822
dbp81603,gdb433
dbp6769403,gdb6605
dbp801404,gdb6383
dbp1305298,gdb6680
dbp10947703,gdb19203
dbp4797820,gdb21983
dbp1403733,gdb8050
dbp1812326,gdb420
dbp17320171,gdb7686
dbp22619752,gdb13651
dbp2257770,gdb5901
dbp32068849,gdb11446
dbp21285748,gdb20068
dbp1332880,gdb9684
dbp31853726,gdb4637
dbp296400,gdb23124
dbp9863879,gdb4748
dbp3122280,gdb22408
dbp995534,gdb9840
dbp6214372,gdb8144
dbp1391227,gdb10633
dbp27502225,gdb9138
dbp38346368,gdb4608
dbp17092396,gdb7594
dbp22681752,gdb8519
dbp26914581,gdb14852
dbp1135092,gdb3694
dbp10549835,gdb20771
dbp27470987,gdb7953
dbp2342960,gdb8011
dbp10381896,gdb1652
dbp8394847,gdb19746
dbp12087435,gdb11397
dbp5300595,gdb18485
dbp15553435,gdb2550
dbp5965723,gdb10695
dbp3701546,gdb14904
dbp11487701,gdb18871
dbp7021780,gdb8675
dbp1209446,gdb541
dbp14493034,gdb7586
dbp1886625,gdb21515
dbp28936411,gdb4252
dbp1886622,gdb11010
dbp1836389,gdb2406
dbp1561845,gdb13105
dbp2486333,gdb23233
dbp2546574,gdb7240
dbp3630638,gdb4868
dbp7961382,gdb12519
dbp4156355,gdb9975
dbp24953254,gdb5973
dbp22681699,gdb19398
dbp2377571,gdb4049
dbp1958858,gdb5890
dbp921333,gdb3533
dbp1463317,gdb13530
dbp12366884,gdb4743
dbp19246675,gdb15616
dbp1956255,gdb21928
dbp3281669,gdb9876
dbp706901,gdb2141
dbp27650969,gdb13258
dbp5238000,gdb8545
dbp7574109,gdb485
dbp4398267,gdb5508
dbp17994731,gdb5531
dbp10270173,gdb1494
dbp25156390,gdb8306
dbp6481751,gdb19372
dbp633739,gdb5986
dbp18454982,gdb17662
dbp2692728,gdb5832
dbp1401029,gdb6205
dbp3691600,gdb6888
dbp12291014,gdb22221
dbp703033,gdb1384
dbp1438327,gdb4867
dbp23496070,gdb22240
dbp22535673,gdb18064
dbp1440613,gdb9103
dbp22811081,gdb13531
dbp1438315,gdb7217
dbp2449426,gdb23371
dbp5418079,gdb18277
dbp2100568,gdb9933
dbp13748548,gdb2174
dbp633776,gdb14450
dbp5300616,gdb18486
dbp848096,gdb12135
dbp561698,gdb2034
dbp4734177,gdb12468
dbp34873610,gdb2523
dbp1981226,gdb673
dbp1066808,gdb2319
dbp28415038,gdb4088
dbp4388888,gdb8566
dbp23257879,gdb10667
dbp306465,gdb1304
dbp6515462,gdb17336
dbp6951674,gdb8982
dbp25990546,gdb22058
dbp10670576,gdb2440
dbp1572492,gdb4112
dbp1583148,gdb357
dbp305117,gdb14586
dbp971445,gdb6387
dbp27987861,gdb10518
dbp2220391,gdb10953
dbp1365015,gdb17063
dbp13376770,gdb11991
dbp9920224,gdb18775
dbp2534645,gdb3105
dbp18585508,gdb20737
dbp5613431,gdb6604
dbp31937809,gdb6176
dbp22331677,gdb16221
dbp6830739,gdb14091
dbp4651278,gdb18935
dbp1305353,gdb1007
dbp9427734,gdb7474
dbp10742757,gdb21114
dbp2715761,gdb10680
dbp22355608,gdb12622
dbp3243519,gdb13932
dbp2702400,gdb6242
dbp2206019,gdb23207
dbp12776876,gdb10498
dbp1223840,gdb5658
dbp5592828,gdb17871
dbp27454149,gdb11329
dbp8102330,gdb4189
dbp25833762,gdb10800
dbp29180,gdb19965
dbp2859573,gdb12154
dbp1486133,gdb17992
dbp28877863,gdb2716
dbp1089349,gdb1603
dbp1307965,gdb22702
dbp17019642,gdb833
dbp32607088,gdb7441
dbp24773220,gdb3923
dbp739082,gdb762
dbp25771130,gdb21560
dbp3267519,gdb11732
dbp3012034,gdb11105
dbp3690488,gdb19730
dbp5058217,gdb20958
dbp34234918,gdb14543
dbp3254114,gdb2404
dbp7308423,gdb4492
dbp2185627,gdb4770
dbp18935803,gdb20820
dbp9559443,gdb8219
dbp6270508,gdb1689
dbp8849242,gdb2298
dbp1462126,gdb14533
dbp6093071,gdb701
dbp2798084,gdb7215
dbp1102819,gdb8152
dbp8850221,gdb21140
dbp2148631,gdb22665
dbp5481253,gdb12937
dbp3787882,gdb5012
dbp12100831,gdb20152
dbp2149918,gdb11081
dbp3736280,gdb1692
dbp9221260,gdb7137
dbp6082373,gdb15348
dbp14833919,gdb11682
dbp2354739,gdb9413
dbp37652907,gdb15675
dbp4457127,gdb17977
dbp8610733,gdb1764
dbp6213277,gdb22010
dbp23572931,gdb11920
dbp9717964,gdb1623
dbp2425528,gdb7408
dbp1380605,gdb8054
dbp703107,gdb13519
dbp32767795,gdb15515
dbp4074781,gdb1970
dbp7308411,gdb1133
dbp3051666,gdb6202
dbp620390,gdb23000
dbp12653246,gdb10358
dbp2052535,gdb5010
dbp14484754,gdb22640
dbp4813388,gdb23428
dbp11396180,gdb18937
dbp23426016,gdb21253
dbp2392173,gdb8020
dbp14925033,gdb19400
dbp408101,gdb2684
dbp15771161,gdb17612
dbp12552012,gdb18053
dbp29166058,gdb3825
dbp31362519,gdb1688
dbp893768,gdb622
dbp4587776,gdb5007
dbp24116601,gdb3056
dbp2971850,gdb20583
dbp8720490,gdb664
dbp2667046,gdb6413
dbp4416321,gdb7569
dbp3465468,gdb1474
dbp2619358,gdb7986
dbp5093087,gdb5357
dbp3489420,gdb5450
dbp10106329,gdb12191
dbp22850856,gdb20028
dbp1523330,gdb20530
dbp1138363,gdb15947
dbp1778986,gdb9561
dbp990931,gdb1914
dbp1562965,gdb6195
dbp1908784,gdb6385
dbp11010005,gdb7690
dbp13229650,gdb20625
dbp33928833,gdb2001
dbp14602473,gdb4918
dbp638438,gdb14148
dbp14627782,gdb16707
dbp5297107,gdb9023
dbp18736289,gdb12367
dbp4911830,gdb1818
dbp5273168,gdb20027
dbp32289193,gdb14398
dbp638457,gdb14150
dbp1874857,gdb19221
dbp638452,gdb5867
dbp2093612,gdb21848
dbp2093611,gdb267
dbp2910896,gdb9417
dbp5069477,gdb11049
dbp8060489,gdb2443
dbp2005081,gdb13059
dbp3656221,gdb7436
dbp12144371,gdb21915
dbp12360099,gdb2870
dbp8556,gdb759
dbp745045,gdb15023
dbp31195831,gdb10808
dbp8901736,gdb7959
dbp541036,gdb340
dbp4935781,gdb8370
dbp1247566,gdb19708
dbp1898799,gdb7924
dbp12674455,gdb16842
dbp2910906,gdb10862
dbp6984509,gdb12753
dbp3610895,gdb8500
dbp292736,gdb172
dbp23067300,gdb2388
dbp6875284,gdb11662
dbp19090400,gdb17178
dbp469028,gdb431
dbp6481924,gdb23194
dbp10721721,gdb18790
dbp2234025,gdb9646
dbp4574528,gdb1980
dbp5658419,gdb18913
dbp25417692,gdb3340
dbp24117862,gdb11659
dbp4587847,gdb2582
dbp1682727,gdb8031
dbp1645778,gdb14743
dbp1645762,gdb6309
dbp12686478,gdb17286
dbp33315888,gdb10379
dbp421077,gdb13044
dbp2668409,gdb3695
dbp14410549,gdb11091
dbp11771769,gdb11799
dbp4620053,gdb4797
dbp818452,gdb10357
dbp30035208,gdb1460
dbp3743961,gdb10106
dbp866106,gdb6468
dbp2175092,gdb4486
dbp6212055,gdb1116
dbp903751,gdb2342
dbp2982597,gdb13610
dbp903755,gdb3305
dbp7203752,gdb14891
dbp6215983,gdb14845
dbp17160380,gdb15132
dbp759888,gdb22874
dbp4309884,gdb12805
dbp16580374,gdb2379
dbp1561576,gdb10279
dbp14485966,gdb6873
dbp2163254,gdb21873
dbp24789442,gdb9953
dbp3739182,gdb1221
dbp1523285,gdb8621
dbp9626902,gdb21230
dbp2885266,gdb10546
dbp2957671,gdb3897
dbp20511800,gdb13666
dbp4609500,gdb10175
dbp3006007,gdb558
dbp21007835,gdb11413
dbp422516,gdb363
dbp869942,gdb4097
dbp2249821,gdb380
dbp1030025,gdb7952
dbp2370644,gdb13133
dbp4427126,gdb2679
dbp1318410,gdb14744
dbp2910947,gdb5886
dbp24369742,gdb4327
dbp2910950,gdb5408
dbp31158980,gdb2079
dbp2535309,gdb5718
dbp1574804,gdb19869
dbp7312798,gdb5657
dbp2910961,gdb18839
dbp1488582,gdb13341
dbp12216379,gdb101
dbp23715114,gdb17880
dbp2910971,gdb12247
dbp4298473,gdb5988
dbp5275688,gdb23152
dbp7119924,gdb13189
dbp2079407,gdb22669
dbp2511353,gdb5796
dbp23826906,gdb19219
dbp2055371,gdb2211
dbp3126114,gdb11533
dbp18352158,gdb6766
dbp17928527,gdb13099
dbp1608752,gdb1185
dbp4767651,gdb12684
dbp963293,gdb1954
dbp5070585,gdb6603
dbp2081640,gdb7120
dbp1919393,gdb11147
dbp2093617,gdb21847
dbp5118975,gdb21895
dbp531563,gdb2683
dbp1727565,gdb14576
dbp1667025,gdb22181
dbp17642749,gdb12894
dbp4720977,gdb5363
dbp4427066,gdb6548
dbp469185,gdb6426
dbp17883949,gdb18188
dbp5803768,gdb1488
dbp1694635,gdb7416
dbp4755631,gdb17448
dbp1692043,gdb4879
dbp23452195,gdb3446
dbp363604,gdb2316
dbp529279,gdb11175
dbp13710446,gdb3493
dbp12866681,gdb19576
dbp5069549,gdb7139
dbp12676980,gdb11238
dbp23752155,gdb15732
dbp10528705,gdb9784
dbp364952,gdb17943
dbp2370631,gdb9347
dbp20895088,gdb15593
dbp4007349,gdb1617
dbp39464889,gdb23346
dbp8770781,gdb6752
dbp7299248,gdb11539
dbp17642793,gdb10665
dbp2979024,gdb1776
dbp3009952,gdb14507
dbp2983994,gdb2667
dbp6875312,gdb14505
dbp8009062,gdb13757
dbp16184692,gdb7629
dbp2005144,gdb21725
dbp3236551,gdb7572
dbp4140030,gdb957
dbp1271398,gdb4137
dbp16339588,gdb20455
dbp16808776,gdb22035
dbp6875339,gdb21231
dbp19883547,gdb3220
dbp22861694,gdb13089
dbp25415189,gdb13388
dbp23549969,gdb10872
dbp3550486,gdb14363
dbp1695933,gdb20769
dbp842212,gdb486
dbp24068322,gdb16689
dbp6213461,gdb1129
dbp1634914,gdb3190
dbp4142986,gdb14260
dbp2213726,gdb672
dbp639569,gdb6747
dbp4563595,gdb2661
dbp2212403,gdb14258
dbp16350187,gdb9523
dbp12770127,gdb12513
dbp21692140,gdb3142
dbp1089040,gdb6799
dbp3597503,gdb17694
dbp31818991,gdb7493
dbp66495,gdb19531
dbp2211109,gdb8145
dbp14446200,gdb9932
dbp1559112,gdb22664
dbp13580563,gdb8223
dbp2345580,gdb22118
dbp13422848,gdb13619
dbp892630,gdb11513
dbp18654909,gdb7597
dbp6320007,gdb6541
dbp3671579,gdb20628
dbp18437962,gdb13091
dbp517074,gdb3863
dbp2383833,gdb3486
dbp1994904,gdb16811
dbp2309926,gdb23285
dbp19834313,gdb13395
dbp949280,gdb1533
dbp1858192,gdb16118
dbp949278,gdb4234
dbp4742291,gdb4942
dbp7418203,gdb12821
dbp5288886,gdb3316
dbp15723707,gdb17187
dbp6273128,gdb624
dbp949297,gdb4238
dbp5333023,gdb7958
dbp2296045,gdb7383
dbp8226049,gdb5687
dbp16759067,gdb6823
dbp32051552,gdb6174
dbp302327,gdb21313
dbp4333297,gdb1917
dbp22331142,gdb13715
dbp1859486,gdb21441
dbp18518104,gdb7543
dbp19582513,gdb11906
dbp4732868,gdb20261
dbp23981082,gdb11384
dbp2509081,gdb7336
dbp19763433,gdb7369
dbp1788603,gdb7347
dbp1788604,gdb21849
dbp5790291,gdb9830
dbp27851082,gdb4061
dbp22465524,gdb19210
dbp16004790,gdb13607
dbp17929944,gdb9480
dbp3177838,gdb19450
dbp35328537,gdb2149
dbp4944013,gdb13117
dbp5072839,gdb5342
dbp193087,gdb1817
dbp35329855,gdb2173
dbp1872396,gdb23441
dbp1895055,gdb5465
dbp1715632,gdb17232
dbp18930434,gdb14528
dbp2093324,gdb1121
dbp2308519,gdb1395
dbp2093335,gdb20387
dbp1261600,gdb18367
dbp10492010,gdb1973
dbp2079041,gdb3993
dbp13374608,gdb20173
dbp3369746,gdb6662
dbp5213169,gdb11673
dbp2093355,gdb13267
dbp1261663,gdb1969
dbp6477241,gdb20517
dbp25405482,gdb9024
dbp5141000,gdb7596
dbp4250708,gdb7191
dbp5836093,gdb22639
dbp28192691,gdb4091
dbp10542764,gdb347
dbp2176180,gdb1840
dbp3934483,gdb4681
dbp604818,gdb3877
dbp37122046,gdb4861
dbp12600412,gdb6900
dbp5083558,gdb14371
dbp1620297,gdb26
dbp25044467,gdb11921
dbp5729602,gdb14872
dbp7828486,gdb3094
dbp652414,gdb17926
dbp3020109,gdb14405
dbp25332287,gdb14046
dbp2742935,gdb2102
dbp19631794,gdb9911
dbp12783559,gdb21568
dbp22896516,gdb11073
dbp11168349,gdb12889
dbp14410135,gdb11970
dbp24177292,gdb16970
dbp652424,gdb17929
dbp10168917,gdb11923
dbp652446,gdb17944
dbp14181011,gdb17903
dbp10168902,gdb10994
dbp1380213,gdb2181
dbp723910,gdb8010
dbp23431986,gdb17632
dbp5383228,gdb7307
dbp26779911,gdb21503
dbp951414,gdb1986
dbp6298504,gdb1206
dbp6333491,gdb11783
dbp3083735,gdb10335
dbp193050,gdb8610
dbp67840,gdb10287
dbp80812,gdb4438
dbp3478886,gdb9330
dbp1884585,gdb1307
dbp2487346,gdb7922
dbp7308043,gdb4107
dbp6515845,gdb8357
dbp5008340,gdb2427
dbp2561866,gdb10166
dbp80841,gdb9547
dbp80840,gdb18892
dbp628753,gdb14693
dbp1608545,gdb2150
dbp1511042,gdb17189
dbp34013298,gdb4320
dbp6273255,gdb410
dbp4358689,gdb1160
dbp6684669,gdb10489
dbp3477506,gdb12543
dbp3152625,gdb10945
dbp4598188,gdb1983
dbp4128528,gdb23044
dbp8564031,gdb23279
dbp6670029,gdb22599
dbp15088766,gdb8758
dbp2548874,gdb5425
dbp2018283,gdb12271
dbp23067219,gdb11215
dbp1451004,gdb17889
dbp4983775,gdb6524
dbp2043233,gdb11729
dbp15352397,gdb4399
dbp4633090,gdb6145
dbp6814182,gdb3403
dbp9312914,gdb5415
dbp3671778,gdb2927
dbp29181609,gdb7778
dbp2225201,gdb7949
dbp1149057,gdb6402
dbp25658385,gdb13219
dbp4287999,gdb1463
dbp1715754,gdb6112
dbp18931880,gdb4969
dbp10201090,gdb23247
dbp4811106,gdb12964
dbp28262214,gdb1009
dbp194275,gdb1267
dbp2499375,gdb6100
dbp5791458,gdb11327
dbp15963012,gdb9116
dbp25045848,gdb15167
dbp18711188,gdb23223
dbp3247432,gdb16774
dbp2093472,gdb10651
dbp10168895,gdb10999
dbp1645437,gdb10876
dbp6211097,gdb8127
dbp159943,gdb18178
dbp13361222,gdb11025
dbp399418,gdb6691
dbp1750123,gdb4916
dbp5081015,gdb7740
dbp20211577,gdb14860
dbp4576843,gdb4274
dbp2439706,gdb21464
dbp8120657,gdb734
dbp10469769,gdb14415
dbp6212383,gdb1120
dbp6117058,gdb2649
dbp507659,gdb19697
dbp3788450,gdb19258
dbp6320234,gdb1224
dbp2621254,gdb6887
dbp4057144,gdb5870
dbp24060903,gdb13874
dbp11157373,gdb7459
dbp19196440,gdb11267
dbp23462135,gdb497
dbp1512268,gdb10363
dbp6524269,gdb10602
dbp12747550,gdb22895
dbp18521166,gdb16397
dbp32242633,gdb19716
dbp18978185,gdb5588
dbp35925046,gdb17334
dbp21306940,gdb4406
dbp9358368,gdb1496
dbp3295273,gdb9807
dbp3096917,gdb5670
dbp962452,gdb4958
dbp33294820,gdb12426
dbp15774601,gdb7567
dbp1859657,gdb22475
dbp5237833,gdb18388
dbp5998836,gdb4162
dbp652349,gdb17946
dbp1299984,gdb8021
dbp2152889,gdb21069
dbp3033379,gdb7026
dbp7312423,gdb3512
dbp5298875,gdb10423
dbp18218227,gdb2112
dbp4022464,gdb14484
dbp3058682,gdb17790
dbp2813258,gdb4452
dbp4755360,gdb13830
dbp5019599,gdb20781
dbp232638,gdb4163
dbp6298647,gdb1208
dbp24155782,gdb4064
dbp18835668,gdb19528
dbp17786658,gdb19545
dbp80928,gdb180
dbp11803507,gdb12581
dbp66654,gdb2968
dbp12555534,gdb14914
dbp746743,gdb21368
dbp4812496,gdb10163
dbp17354569,gdb18856
dbp1440039,gdb11586
dbp33531893,gdb8104
dbp23016115,gdb2589
dbp8993,gdb346
dbp269921,gdb10369
dbp1466637,gdb7819
dbp1870044,gdb19301
dbp80982,gdb754
dbp4755327,gdb22365
dbp9996308,gdb11510
dbp25095463,gdb15838
dbp1057684,gdb1469
dbp17339014,gdb3643
dbp11326758,gdb18936
dbp9082646,gdb16836
dbp14090866,gdb15582
dbp12180470,gdb4603
dbp2779745,gdb7687
dbp1443960,gdb11967
dbp1683635,gdb1161
dbp6200480,gdb247
dbp7698684,gdb9982
dbp15628590,gdb20333
dbp6212459,gdb1119
dbp4240760,gdb5964
dbp18448023,gdb8955
dbp8456927,gdb7578
dbp30626525,gdb6692
dbp1127169,gdb19208
dbp1701231,gdb21314
dbp2379567,gdb9341
dbp198997,gdb4870
dbp1501634,gdb2622
dbp2380544,gdb16909
dbp18462375,gdb12005
dbp24450057,gdb1044
dbp28194619,gdb17532
dbp28341,gdb10314
dbp5308760,gdb14670
dbp605943,gdb18939
dbp3981440,gdb12260
dbp24874836,gdb11575
dbp23126579,gdb7070
dbp12506618,gdb20437
dbp6888967,gdb22707
dbp9119117,gdb18808
dbp1620025,gdb12207
dbp2342260,gdb323
dbp25815492,gdb9303
dbp3980144,gdb12563
dbp24523459,gdb947
dbp879817,gdb22104
dbp867841,gdb8785
dbp3812747,gdb6027
dbp29747905,gdb21623
dbp1763548,gdb18874
dbp23923640,gdb12251
dbp27369562,gdb2167
dbp7108681,gdb6036
dbp20270632,gdb7482
dbp2431975,gdb12908
dbp1500162,gdb5766
dbp23208251,gdb7733
dbp34036191,gdb1866
dbp3597615,gdb17693
dbp5222025,gdb8602
dbp653513,gdb23512
dbp7874395,gdb7980
dbp2431932,gdb11640
dbp2174343,gdb7685
dbp2233003,gdb17490
dbp219731,gdb14905
dbp3825891,gdb11407
dbp5018335,gdb710
dbp19700612,gdb15906
dbp2199644,gdb16964
dbp5721726,gdb7319
dbp1563742,gdb1465
dbp4132856,gdb11380
dbp4419938,gdb403
dbp4933791,gdb8529
dbp986321,gdb19737
dbp2380443,gdb11644
dbp10659591,gdb12155
dbp7673213,gdb5316
dbp22427201,gdb16557
dbp496392,gdb7805
dbp6001942,gdb12885
dbp3114570,gdb7522
dbp18037258,gdb9827
dbp26163147,gdb16803
dbp23066512,gdb908
dbp9061191,gdb6404
dbp24668476,gdb11254
dbp15942740,gdb10451
dbp232766,gdb14161
dbp25179537,gdb19829
dbp26188458,gdb17582
dbp2428384,gdb17590
dbp12641940,gdb439
dbp16580818,gdb9275
dbp2188911,gdb23132
dbp23994263,gdb12588
dbp35296939,gdb1441
dbp4707538,gdb21937
dbp3199539,gdb10909
dbp1213864,gdb6536
dbp1564411,gdb1631
dbp1788968,gdb17877
dbp5153707,gdb1213
dbp569710,gdb6114
dbp5115470,gdb6119
dbp1403193,gdb13102
dbp15243871,gdb16079
dbp5562006,gdb6052
dbp2488039,gdb3578
dbp815049,gdb7021
dbp3084764,gdb10585
dbp1788988,gdb4812
dbp1788986,gdb13865
dbp1788983,gdb7414
dbp1788982,gdb7413
dbp3630143,gdb6161
dbp12554174,gdb8122
dbp12928979,gdb4850
dbp1788990,gdb578
dbp7074908,gdb11297
dbp22191736,gdb6612
dbp24156962,gdb22487
dbp6095029,gdb4741
dbp4369173,gdb9881
dbp6211216,gdb21934
dbp26512287,gdb13646
dbp18917345,gdb15661
dbp25383120,gdb12345
dbp6084374,gdb3894
dbp4609157,gdb1908
dbp1610555,gdb302
dbp6848155,gdb636
dbp28699937,gdb17839
dbp6490366,gdb7152
dbp8225432,gdb10732
dbp5840210,gdb4954
dbp18254161,gdb18848
dbp18158394,gdb16519
dbp3331487,gdb1264
dbp4201047,gdb3526
dbp15411301,gdb6713
dbp24525989,gdb15723
dbp2031877,gdb3452
dbp2720921,gdb14353
dbp10792367,gdb10072
dbp3801977,gdb8467
dbp18545255,gdb8977
dbp462914,gdb23188
dbp892912,gdb211
dbp3896296,gdb4854
dbp14314296,gdb15
dbp5718408,gdb21145
dbp15761589,gdb11423
dbp1564963,gdb2103
dbp2848183,gdb5851
dbp6417914,gdb8190
dbp8709879,gdb13273
dbp16675306,gdb21262
dbp1551664,gdb674
dbp3113301,gdb6251
dbp3790508,gdb10724
dbp4538161,gdb8126
dbp2175381,gdb7362
dbp2175376,gdb8774
dbp901696,gdb12324
dbp330895,gdb14351
dbp10382326,gdb7944
dbp2175370,gdb8374
dbp999965,gdb4761
dbp2863786,gdb11110
dbp3380614,gdb22124
dbp26056755,gdb22154
dbp17771420,gdb22159
dbp746910,gdb765
dbp1955720,gdb4793
dbp14449719,gdb14759
dbp5466682,gdb23473
dbp1537357,gdb22663
dbp11134447,gdb2407
dbp23005253,gdb12800
dbp7840,gdb1005
dbp2491756,gdb8358
dbp2163307,gdb8115
dbp4334175,gdb11515
dbp11473999,gdb7641
dbp2307710,gdb8601
dbp4106826,gdb19667
dbp31687472,gdb17580
dbp11660654,gdb17116
dbp8009874,gdb1541
dbp5403026,gdb21436
dbp3619410,gdb9791
dbp4931234,gdb10597
dbp17366315,gdb2732
dbp32014117,gdb2138
dbp2526980,gdb17591
dbp19007879,gdb21677
dbp17271597,gdb3776
dbp34505229,gdb23248
dbp6000510,gdb9693
dbp2378050,gdb17936
dbp5371748,gdb12901
dbp20823325,gdb21177
dbp3488740,gdb17262
dbp2128933,gdb5551
dbp4288916,gdb18329
dbp14098106,gdb14607
dbp1977134,gdb18450
dbp816434,gdb19917
dbp6273619,gdb1196
dbp11280569,gdb15896
dbp5766187,gdb11731
dbp5055096,gdb22269
dbp13744137,gdb16214
dbp1725488,gdb5730
dbp2081795,gdb9822
dbp1671466,gdb19608
dbp6644261,gdb23427
dbp1585052,gdb4039
dbp2321930,gdb9472
dbp10275880,gdb7719
dbp8538290,gdb7075
dbp6211330,gdb1098
dbp23487170,gdb21575
dbp6718782,gdb18015
dbp8540560,gdb8660
dbp33975977,gdb503
dbp7842375,gdb8321
dbp1018365,gdb4915
dbp2704371,gdb14159
dbp794624,gdb16793
dbp24058456,gdb6785
dbp1833226,gdb21480
dbp2248894,gdb1552
dbp23188613,gdb20143
dbp9538656,gdb10495
dbp13383113,gdb14085
dbp3703268,gdb3821
dbp32174967,gdb9120
dbp8684076,gdb1719
dbp1561047,gdb2162
dbp2658871,gdb1872
dbp617655,gdb14109
dbp23452425,gdb10567
dbp37797054,gdb3674
dbp27548379,gdb885
dbp2672951,gdb5417
dbp31291293,gdb10471
dbp10177214,gdb5883
dbp13927720,gdb10050
dbp19688248,gdb13968
dbp29647198,gdb14659
dbp667919,gdb8552
dbp28130100,gdb10529
dbp24306778,gdb8685
dbp1918655,gdb1482
dbp1018155,gdb8919
dbp18366937,gdb3019
dbp4491045,gdb2245
dbp16724981,gdb15385
dbp1955604,gdb5422
dbp27512382,gdb12109
dbp32891532,gdb1932
dbp19409134,gdb6743
dbp25779022,gdb16931
dbp9455845,gdb15809
dbp1916006,gdb6821
dbp1549210,gdb18876
dbp11729300,gdb9383
dbp6614,gdb10848
dbp6391686,gdb3572
dbp1645094,gdb3959
dbp3474020,gdb1228
dbp4917079,gdb20297
dbp7832900,gdb10581
dbp2850313,gdb7237
dbp1309709,gdb17052
dbp900424,gdb2123
dbp1941001,gdb4262
dbp35316005,gdb21727
dbp1428296,gdb14755
dbp7638688,gdb10013
dbp36800750,gdb6687
dbp1773190,gdb3211
dbp1657090,gdb3115
dbp15630941,gdb11430
dbp2081943,gdb3709
dbp26310724,gdb16416
dbp2081950,gdb3708
dbp1684678,gdb1595
dbp2081952,gdb9823
dbp5587483,gdb1894
dbp720474,gdb7904
dbp14719403,gdb23380
dbp22717208,gdb13125
dbp1502544,gdb615
dbp36330679,gdb21825
dbp16528189,gdb12318
dbp4918341,gdb4525
dbp14123597,gdb2889
dbp23333891,gdb16407
dbp1955664,gdb9700
dbp2041062,gdb6045
dbp5599513,gdb6118
dbp2053056,gdb218
dbp5600951,gdb5260
dbp2345830,gdb9079
dbp779157,gdb14254
dbp8082374,gdb8240
dbp1165583,gdb14722
dbp2357870,gdb445
dbp33858521,gdb19816
dbp2319521,gdb6212
dbp4263518,gdb6083
dbp3186427,gdb1257
dbp23067669,gdb5032
dbp4636559,gdb23074
dbp2307544,gdb4193
dbp2054324,gdb6152
dbp31685017,gdb6303
dbp6158889,gdb7544
dbp1696618,gdb17603
dbp4834218,gdb4892
dbp33959131,gdb18276
dbp20367728,gdb12361
dbp24143415,gdb11206
dbp36546560,gdb10974
dbp26515986,gdb19358
dbp4142449,gdb7941
dbp11160900,gdb12809
dbp18604234,gdb8125
dbp2632107,gdb20140
dbp12374528,gdb7566
dbp5080187,gdb6812
dbp11874025,gdb13072
dbp5477120,gdb21129
dbp5224387,gdb8915
dbp18895338,gdb20153
dbp16361229,gdb7536
dbp5564844,gdb20921
dbp8925403,gdb13849
dbp19241055,gdb9619
dbp32234960,gdb2176
dbp23065058,gdb17430
dbp1563589,gdb7835
dbp2632144,gdb20254
dbp3089331,gdb14152
dbp18408327,gdb8120
dbp12562265,gdb11369
dbp4125397,gdb37
dbp35115881,gdb23611
dbp15535847,gdb13802
dbp13011809,gdb5944
dbp1882465,gdb39
dbp4378372,gdb7229
dbp1915005,gdb13077
dbp2864459,gdb13211
dbp13443566,gdb6483
dbp4452885,gdb2036
dbp5790838,gdb10580
dbp29854030,gdb12788
dbp4854737,gdb21017
dbp6038984,gdb8049
dbp240698,gdb14034
dbp21784198,gdb7548
dbp4817796,gdb17585
dbp2117260,gdb14422
dbp6522049,gdb1843
dbp9711324,gdb5860
dbp26318515,gdb16752
dbp6426209,gdb1709
dbp2383254,gdb17938
dbp857280,gdb10305
dbp7158640,gdb4300
dbp23551227,gdb14937
dbp32990131,gdb1854
dbp15092963,gdb14780
dbp14936592,gdb11512
dbp3686819,gdb19497
dbp8256954,gdb18377
dbp3433852,gdb15792
dbp18496922,gdb15128
dbp17752519,gdb11201
dbp17146998,gdb14448
dbp9952324,gdb15334
dbp3089386,gdb13394
dbp662987,gdb8026
dbp1684551,gdb14029
dbp5453969,gdb13010
dbp5775299,gdb13121
dbp6738054,gdb9724
dbp661659,gdb4807
dbp23588553,gdb7122
dbp1683298,gdb7415
dbp955728,gdb17979
dbp2745891,gdb11071
dbp5066334,gdb5695
dbp1444834,gdb4872
dbp4067749,gdb11164
dbp2008127,gdb17734
dbp3565672,gdb8517
dbp22992896,gdb12722
dbp5619694,gdb9359
dbp6692120,gdb7222
dbp19614539,gdb17604
dbp16955304,gdb10020
dbp953112,gdb2249
dbp1750674,gdb6010
dbp636644,gdb19090
dbp23225193,gdb18124
dbp10147876,gdb6477
dbp1239946,gdb7793
dbp5605014,gdb1153
dbp3756367,gdb20910
dbp14936681,gdb22997
dbp20099365,gdb23410
dbp2717022,gdb10189
dbp13743493,gdb7559
dbp24587072,gdb16371
dbp1189036,gdb19540
dbp2707638,gdb13864
dbp1237330,gdb1610
dbp7747683,gdb8512
dbp5318566,gdb6107
dbp2227726,gdb18459
dbp6320606,gdb13446
dbp6035018,gdb1250
dbp2129169,gdb12915
dbp21413988,gdb16406
dbp11832504,gdb16933
dbp7422556,gdb12956
dbp431299,gdb392
dbp7363543,gdb2931
dbp4739626,gdb6057
dbp9591072,gdb84
dbp1563440,gdb2170
dbp39650063,gdb18576
dbp1723091,gdb6062
dbp12212004,gdb16876
dbp10219900,gdb8384
dbp1774646,gdb4871
dbp1564794,gdb370
dbp156756,gdb2194
dbp9592379,gdb5166
dbp15788718,gdb2962
dbp5067749,gdb11748
dbp3251315,gdb2072
dbp1299675,gdb12041
dbp1310512,gdb3928
dbp23876333,gdb8139
dbp1882553,gdb23040
dbp1590905,gdb1901
dbp1564632,gdb6699
dbp8879273,gdb7530
dbp36211692,gdb4304
dbp5751140,gdb22373
dbp2876310,gdb6276
dbp27871008,gdb4094
dbp5245112,gdb9798
dbp9711223,gdb13939
dbp4668715,gdb2574
dbp2650981,gdb7990
dbp5765725,gdb21878
dbp3251352,gdb4616
dbp7266330,gdb6323
dbp3078437,gdb7504
dbp8747624,gdb686
dbp1311805,gdb9835
dbp3914977,gdb17004
dbp3529951,gdb9750
dbp17906360,gdb19698
dbp1120962,gdb2343
dbp22357213,gdb21562
dbp4962690,gdb15097
dbp24540320,gdb15174
dbp2769781,gdb1964
dbp9785797,gdb8080
dbp15860807,gdb874
dbp2853608,gdb19452
dbp23538389,gdb15625
dbp88560,gdb8629
dbp22418742,gdb5505
dbp23481596,gdb14488
dbp2698996,gdb8376
dbp7184835,gdb7788
dbp1894570,gdb6849
dbp2685664,gdb5544
dbp2385720,gdb9342
dbp1132936,gdb6942
dbp6427486,gdb10437
dbp25533143,gdb7571
dbp4738281,gdb8100
dbp1611481,gdb19669
dbp1144890,gdb4783
dbp5380452,gdb1054
dbp33949605,gdb21610
dbp15655603,gdb9422
dbp5630116,gdb17403
dbp3804572,gdb7573
dbp5620798,gdb14127
dbp19854204,gdb18005
dbp648512,gdb7433
dbp7886842,gdb7233
dbp1395495,gdb9978
dbp6906042,gdb8061
dbp1563390,gdb1245
dbp32059793,gdb6349
dbp23455230,gdb11050
dbp1201462,gdb14449
dbp6738245,gdb8720
dbp2275308,gdb23494
dbp39761791,gdb12861
dbp308002,gdb9620
dbp1563350,gdb2166
dbp9202765,gdb7692
dbp4935050,gdb2145
dbp3155551,gdb2646
dbp5753829,gdb4595
dbp4415951,gdb7373
dbp16187734,gdb2180
dbp5967458,gdb5123
dbp4246339,gdb4927
dbp5186295,gdb2014
dbp31942559,gdb3618
dbp9069596,gdb4606
dbp1563323,gdb3070
dbp15199726,gdb7540
dbp23069200,gdb19387
dbp1564663,gdb1930
dbp22770888,gdb15288
dbp41077413,gdb21917
dbp27463221,gdb4084
dbp22118674,gdb16263
dbp18674337,gdb12778
dbp2635418,gdb15921
dbp2877994,gdb5976
dbp2359334,gdb5485
dbp1467395,gdb21438
dbp24114614,gdb15480
dbp19975101,gdb13970
dbp15271417,gdb19045
dbp23349991,gdb15201
dbp49093,gdb22098
dbp2144649,gdb6071
dbp868126,gdb10886
dbp20457035,gdb19448
dbp2145972,gdb3208
dbp36945538,gdb14058
dbp5005115,gdb4539
dbp16150545,gdb21032
dbp3251458,gdb14417
dbp3877377,gdb13639
dbp8412708,gdb3683
dbp1916583,gdb19842
dbp928315,gdb15624
dbp1915279,gdb23098
dbp12094151,gdb2708
dbp773247,gdb18101
dbp22034726,gdb14003
dbp13599117,gdb10009
dbp2034146,gdb8053
dbp21532624,gdb14131
dbp9868260,gdb741
dbp799888,gdb15547
dbp2900427,gdb2042
dbp24238490,gdb13203
dbp1965591,gdb6199
dbp3599265,gdb715
dbp15448262,gdb5872
dbp1683046,gdb6846
dbp15029468,gdb7688
dbp20930740,gdb6198
dbp19555831,gdb9214
dbp2373609,gdb6675
dbp5128986,gdb9810
dbp1044137,gdb17424
dbp3793127,gdb9350
dbp1759263,gdb6559
dbp1661629,gdb18557
dbp20111312,gdb12373
dbp40004621,gdb20973
dbp2277828,gdb18081
dbp1822930,gdb10124
dbp6295401,gdb22074
dbp12514847,gdb2259
dbp1358162,gdb20886
dbp7459647,gdb5971
dbp1371136,gdb13960
dbp32289797,gdb273
dbp3854763,gdb3382
dbp5715857,gdb9773
dbp1372490,gdb1090
dbp7484625,gdb18604
dbp3144982,gdb1433
dbp2997434,gdb9336
dbp2491305,gdb8030
dbp12429599,gdb1941
dbp12264737,gdb14108
dbp22612776,gdb892
dbp5715833,gdb6963
dbp36548872,gdb4391
dbp7217769,gdb10197
dbp5715830,gdb22561
dbp2804960,gdb14961
dbp17649209,gdb5643
dbp1661651,gdb22667
dbp1601960,gdb8062
dbp5571468,gdb11593
dbp27619704,gdb4885
dbp34337639,gdb2059
dbp3154351,gdb3711
dbp18746747,gdb23535
dbp12549564,gdb10774
dbp18722763,gdb21923
dbp12524283,gdb4558
dbp2300645,gdb13045
dbp1033500,gdb6397
dbp11502493,gdb4400
dbp18340837,gdb19218
dbp6630077,gdb7659
dbp19879390,gdb2234
dbp1323540,gdb3176
dbp18352875,gdb15034
dbp8377982,gdb7400
dbp24770535,gdb15807
dbp1930930,gdb7790
dbp16632623,gdb821
dbp1590808,gdb2048
dbp5738579,gdb2695
dbp1565863,gdb17427
dbp2265814,gdb723
dbp2635750,gdb14877
dbp2071184,gdb2077
dbp34311037,gdb11627
dbp4670943,gdb1994
dbp4102945,gdb3277
dbp1493786,gdb19735
dbp6644689,gdb7300
dbp1563227,gdb1876
dbp34829925,gdb2894
dbp5777983,gdb8666
dbp5788628,gdb22256
dbp2890862,gdb5897
dbp4163780,gdb11004
dbp2287057,gdb6993
dbp21544576,gdb12979
dbp20712785,gdb639
dbp1466151,gdb6039
dbp10772117,gdb11437
dbp2275061,gdb23496
dbp11965708,gdb3156
dbp7338748,gdb15957
dbp8219858,gdb570
dbp12083378,gdb22352
dbp18889161,gdb16984
dbp253870,gdb6549
dbp16111059,gdb2573
dbp35951645,gdb11349
dbp4680229,gdb1855
dbp33949477,gdb655
dbp4826164,gdb2171
dbp7759390,gdb9264
dbp5477665,gdb8793
dbp8377779,gdb553
dbp6535489,gdb5593
dbp455203,gdb6035
dbp27205343,gdb19373
dbp3067610,gdb3125
dbp24029391,gdb881
dbp253868,gdb22415
dbp289874,gdb17695
dbp1179800,gdb22579
dbp3758981,gdb7396
dbp3599196,gdb2905
dbp1661570,gdb416
dbp6211886,gdb1112
dbp2251036,gdb11657
dbp2276312,gdb7795
dbp1711329,gdb1154
dbp33795776,gdb18250
dbp1033399,gdb16544
dbp21123793,gdb11019
dbp33989393,gdb3871
dbp3028098,gdb1092
dbp5394762,gdb12780
dbp576161,gdb1143
dbp5861860,gdb13193
dbp1736601,gdb11516
dbp17750246,gdb15777
dbp21544512,gdb4401
dbp5405950,gdb18373
dbp26883244,gdb15166
dbp32447280,gdb12968
dbp1179733,gdb9954
dbp5898799,gdb10947
dbp13154601,gdb9919
dbp26417954,gdb2030
dbp1167751,gdb19706
dbp52753,gdb23400
dbp30052987,gdb5717
dbp52759,gdb20
dbp52762,gdb1602
dbp52767,gdb23395
dbp52764,gdb3182
dbp25753648,gdb22313
dbp12803721,gdb7299
dbp31871959,gdb1273
dbp7373079,gdb12412
dbp2226187,gdb231
dbp4462072,gdb4108
dbp5872482,gdb7280
dbp13804577,gdb19216
dbp11094538,gdb8140
dbp8856882,gdb20147
dbp8109442,gdb21993
dbp3827069,gdb23522
dbp25150533,gdb1944
dbp4875105,gdb437
dbp6560428,gdb8495
dbp4728620,gdb17789
dbp2096514,gdb11675
dbp22105553,gdb8948
dbp167579,gdb773
dbp1008445,gdb6966
dbp2203421,gdb1033
dbp6573769,gdb8643
dbp482788,gdb16647
dbp1093029,gdb14691
dbp2155389,gdb16755
dbp22044198,gdb11835
dbp19324221,gdb4449
dbp22770665,gdb21154
dbp3167755,gdb2579
dbp431194,gdb391
dbp28183884,gdb4053
dbp22020188,gdb2979
dbp6596433,gdb10336
dbp15980415,gdb14317
dbp4754916,gdb3911
dbp5739750,gdb3049
dbp19289437,gdb3098
dbp13022937,gdb16681
dbp15255153,gdb12947
dbp7292345,gdb8066
dbp1227495,gdb795
dbp2422910,gdb9345
dbp3429398,gdb19267
dbp1928788,gdb6037
dbp1952447,gdb12841
dbp6631628,gdb7293
dbp1700717,gdb12344
dbp18529098,gdb8472
dbp7531200,gdb14956
dbp396077,gdb5894
dbp29471799,gdb12248
dbp3214647,gdb7542
dbp6451602,gdb7267
dbp4370851,gdb1411
dbp11842298,gdb20505
dbp2590415,gdb13594
dbp11444752,gdb8768
dbp2637673,gdb6891
dbp8713745,gdb11886
dbp1194882,gdb14380
dbp954858,gdb10954
dbp6859615,gdb9832
dbp5207157,gdb10753
dbp3672652,gdb3456
dbp4139504,gdb22150
dbp1287167,gdb839
dbp6967500,gdb18159
dbp1108924,gdb6051
dbp6787432,gdb4065
dbp1118319,gdb993
dbp1275121,gdb8623
dbp3429372,gdb2354
dbp22493479,gdb8162
dbp23164043,gdb16633
dbp6145034,gdb2131
dbp23553425,gdb19435
dbp8493144,gdb10734
dbp20196924,gdb5475
dbp1892272,gdb940
dbp8170556,gdb8234
dbp8916482,gdb5454
dbp27641068,gdb9122
dbp13369421,gdb9995
dbp4306304,gdb3969
dbp8808606,gdb7893
dbp7390774,gdb4767
dbp2046853,gdb10077
dbp30749429,gdb15262
dbp2432396,gdb8550
dbp2432395,gdb3491
dbp11590877,gdb11904
dbp1623147,gdb6093
dbp2542708,gdb8648
dbp2034853,gdb13058
dbp1833803,gdb9710
dbp13371771,gdb4648
dbp1046187,gdb1373
dbp3658444,gdb6578
dbp22346004,gdb554
dbp22132698,gdb6818
dbp8555830,gdb17100
dbp1310032,gdb6210
dbp11998027,gdb17932
dbp7123443,gdb14992
dbp5436114,gdb11672
dbp495787,gdb18034
dbp25777506,gdb16346
dbp22143319,gdb14390
dbp1564392,gdb1479
dbp6025229,gdb662
dbp4382925,gdb15038
dbp6025230,gdb663
dbp6025234,gdb23575
dbp6025238,gdb23521
dbp6025237,gdb9420
dbp10771513,gdb9956
dbp18023404,gdb21846
dbp2307030,gdb7304
dbp2877258,gdb11342
dbp22744280,gdb20901
dbp29797329,gdb12179
dbp3513170,gdb5372
dbp31932865,gdb6171
dbp3717207,gdb15475
dbp6402720,gdb9617
dbp27606673,gdb13298
dbp2310661,gdb23021
dbp2855892,gdb10161
dbp6269365,gdb3516
dbp2263878,gdb10074
dbp27799553,gdb1106
dbp2249577,gdb331
dbp23442440,gdb13783
dbp3191519,gdb14824
dbp2345288,gdb22816
dbp18856437,gdb7560
dbp35297465,gdb10805
dbp626692,gdb14700
dbp1312718,gdb17457
dbp25644305,gdb2111
dbp26027019,gdb1444
dbp4995197,gdb11324
dbp4826362,gdb10525
dbp27122295,gdb1996
dbp22010244,gdb10923
dbp2590565,gdb11065
dbp2830511,gdb10727
dbp5740010,gdb2697
dbp3539747,gdb12984
dbp445630,gdb6419
dbp25729823,gdb11089
dbp9083396,gdb6585
dbp2744079,gdb13110
dbp1061636,gdb17589
dbp6644817,gdb9712
dbp3019792,gdb6221
dbp2346556,gdb1251
dbp18386791,gdb17310
dbp14851632,gdb13972
dbp20182484,gdb14831
dbp156252,gdb548
dbp7051477,gdb2157
dbp38905061,gdb17784
dbp2334568,gdb6503
dbp5221581,gdb5536
dbp2154706,gdb10255
dbp10314706,gdb8488
dbp21953808,gdb13532
dbp1469841,gdb2104
dbp1795193,gdb2658
dbp9277979,gdb7598
dbp2128404,gdb7129
dbp16125841,gdb15966
dbp3909109,gdb10757
dbp19579961,gdb11391
dbp12623248,gdb5096
dbp723314,gdb4699
dbp1722256,gdb2289
dbp4511393,gdb19882
dbp8760174,gdb12655
dbp3598043,gdb6302
dbp4067434,gdb13527
dbp1372417,gdb14043
dbp181264,gdb9074
dbp6451582,gdb9697
dbp29819312,gdb22126
dbp18216663,gdb1827
dbp14380634,gdb6506
dbp10927178,gdb4183
dbp20915011,gdb4046
dbp24006447,gdb10104
dbp2297035,gdb13076
dbp6391579,gdb9563
dbp2443153,gdb8779
dbp19347181,gdb16421
dbp12298602,gdb20199
dbp335215,gdb3641
dbp8363818,gdb13449
dbp7919816,gdb13856
dbp2045675,gdb12407
dbp1334169,gdb16300
dbp2973327,gdb7284
dbp27462385,gdb2686
dbp5645638,gdb5941
dbp15364151,gdb15795
dbp4741461,gdb14137
dbp2505868,gdb18463
dbp7160474,gdb19204
dbp5848119,gdb21909
dbp7378990,gdb22084
dbp4727177,gdb7160
dbp11191409,gdb11570
dbp23912001,gdb4987
dbp4911435,gdb4742
dbp74337,gdb8667
dbp28832249,gdb10015
dbp3358511,gdb7409
dbp2034957,gdb22080
dbp39486666,gdb15891
dbp1747573,gdb16622
dbp3683525,gdb1625
dbp4536598,gdb6580
dbp18762968,gdb15126
dbp23287786,gdb11884
dbp1564208,gdb15078
dbp31351426,gdb20595
dbp15160295,gdb18208
dbp21664898,gdb10908
dbp2912346,gdb11704
dbp3961727,gdb7230
dbp22976443,gdb2664
dbp21721098,gdb4231
dbp1856699,gdb1082
dbp1277932,gdb2026
dbp7365666,gdb5906
dbp1796504,gdb5760
dbp6605188,gdb6033
dbp1894913,gdb22293
dbp2334513,gdb10565
dbp5970645,gdb18990
dbp14163328,gdb1655
dbp2249453,gdb5121
dbp3537030,gdb4085
dbp9385207,gdb13795
dbp6328266,gdb2706
dbp23043074,gdb10211
dbp22659083,gdb6710
dbp32036606,gdb21731
dbp16954378,gdb1667
dbp6700079,gdb2545
dbp1312733,gdb10081
dbp471851,gdb429
dbp3633239,gdb11210
dbp12236301,gdb16342
dbp19336475,gdb9021
dbp1494533,gdb9515
dbp410696,gdb19259
dbp3731321,gdb7622
dbp3745982,gdb9751
dbp2827238,gdb8714
dbp29471511,gdb11683
dbp2321189,gdb1665
dbp19105412,gdb16841
dbp1988636,gdb7334
dbp6631867,gdb21914
dbp940401,gdb11128
dbp4404552,gdb4263
dbp6787292,gdb12534
dbp18360054,gdb18952
dbp613346,gdb3925
dbp15956288,gdb22915
dbp32676681,gdb3805
dbp411941,gdb2685
dbp5092895,gdb16332
dbp15982563,gdb2400
dbp20157132,gdb19178
dbp4911649,gdb22980
dbp4777376,gdb1628
dbp6087289,gdb11537
dbp17775857,gdb10646
dbp2828541,gdb5995
dbp253360,gdb6400
dbp36560133,gdb10193
dbp5837890,gdb6969
dbp3030068,gdb7829
dbp15413176,gdb11419
dbp22977901,gdb888
dbp1820836,gdb17068
dbp39026650,gdb14990
dbp26809,gdb153
dbp676951,gdb4832
dbp4081873,gdb21827
dbp23964910,gdb12075
dbp4852724,gdb13202
dbp18469105,gdb11435
dbp19539395,gdb201
dbp15762013,gdb2504
dbp15511640,gdb18241
dbp879280,gdb20963
dbp4068897,gdb11092
dbp253346,gdb19566
dbp22953947,gdb2231
dbp1107877,gdb2208
dbp6521450,gdb7558
dbp4934243,gdb3449
dbp29747260,gdb21734
dbp1119794,gdb11556
dbp9192343,gdb7468
dbp580856,gdb6207
dbp3382471,gdb9957
dbp9241871,gdb4933
dbp4948861,gdb9261
dbp9073903,gdb7282
dbp9805195,gdb13409
dbp61139,gdb802
dbp10676873,gdb19049
dbp11300654,gdb7813
dbp6050036,gdb17838
dbp3347988,gdb14886
dbp16679769,gdb1863
dbp5437215,gdb11245
dbp9432187,gdb15063
dbp31943734,gdb1765
dbp16353748,gdb1823
dbp6040605,gdb18556
dbp1830189,gdb15794
dbp31567105,gdb15783
dbp30871248,gdb122
dbp28099572,gdb10896
dbp5198384,gdb319
dbp504238,gdb6449
dbp35697987,gdb2884
dbp10203333,gdb13829
dbp2309424,gdb5553
dbp2193947,gdb529
dbp20026683,gdb18735
dbp904840,gdb5979
dbp472842,gdb6504
dbp24128785,gdb14620
dbp23900312,gdb6450
dbp21409674,gdb8831
dbp4619262,gdb12182
dbp11455272,gdb20202
dbp904856,gdb13954
dbp30534475,gdb20832
dbp4946259,gdb10173
dbp3863293,gdb9604
dbp1830158,gdb3180
dbp1902485,gdb6835
dbp3311983,gdb21977
dbp3875251,gdb6063
dbp9760639,gdb15944
dbp1047513,gdb18914
dbp18169786,gdb838
dbp6196315,gdb5179
dbp15983948,gdb17799
dbp1455045,gdb1197
dbp5983646,gdb19754
dbp1711757,gdb8791
dbp1697127,gdb276
dbp20281816,gdb18043
dbp10592729,gdb11202
dbp831399,gdb14021
dbp2117583,gdb13303
dbp31942383,gdb3173
dbp663564,gdb2352
dbp3974847,gdb518
dbp23227809,gdb8965
dbp10820702,gdb16490
dbp893613,gdb11642
dbp9758397,gdb4841
dbp1445699,gdb1437
dbp1543920,gdb9897
dbp5114865,gdb277
dbp3105842,gdb9836
dbp14080780,gdb6858
dbp1697150,gdb2668
dbp408491,gdb9578
dbp31918654,gdb7759
dbp3705159,gdb2109
dbp5957502,gdb5361
dbp14066456,gdb279
dbp6218028,gdb10125
dbp3901888,gdb6184
dbp265408,gdb9487
dbp1831600,gdb13081
dbp2635171,gdb5854
dbp8169424,gdb2791
dbp18516041,gdb10490
dbp4367178,gdb1641
dbp38198864,gdb17163
dbp20217224,gdb13852
dbp4791520,gdb23284
dbp4211537,gdb705
dbp4224835,gdb708
dbp25246194,gdb11718
dbp23311652,gdb22178
dbp7157011,gdb7157
dbp6122067,gdb7245
dbp2757511,gdb7189
dbp1408687,gdb17382
dbp2287481,gdb20262
dbp4427390,gdb9312
dbp1132660,gdb10958
dbp3587586,gdb8420
dbp5365058,gdb18492
dbp9469512,gdb635
dbp6052547,gdb19308
dbp21928561,gdb13159
dbp13331016,gdb11331
dbp6461171,gdb532
dbp26209649,gdb16683
dbp20160826,gdb17666
dbp3600964,gdb17069
dbp4453584,gdb13204
dbp2237299,gdb9636
dbp24008925,gdb9025
dbp748893,gdb9778
dbp7170042,gdb20939
dbp5800472,gdb7083
dbp4067613,gdb10467
dbp5619549,gdb3478
dbp22360299,gdb11724
dbp1385430,gdb20765
dbp2191472,gdb1519
dbp30535836,gdb21947
dbp1106384,gdb13289
dbp24140386,gdb14671
dbp2262245,gdb12510
dbp10419007,gdb10244
dbp2914746,gdb3768
dbp3020503,gdb7442
dbp1878246,gdb12059
dbp26138867,gdb15924
dbp2240847,gdb12480
dbp1795427,gdb6193
dbp2335628,gdb20204
dbp17313118,gdb1687
dbp601201,gdb9530
dbp25888910,gdb13654
dbp2202595,gdb4271
dbp5884073,gdb22835
dbp6040526,gdb6627
dbp5015130,gdb17474
dbp10820666,gdb716
dbp2225227,gdb2130
dbp2180735,gdb5391
dbp13875317,gdb21117
dbp18977680,gdb11768
dbp4333869,gdb14049
dbp11867704,gdb21669
dbp4587982,gdb4686
dbp11831788,gdb19957
dbp1928982,gdb22076
dbp27584903,gdb21359
